"일시","점수","생존초","레벨","처치","학년","영역","단원","문제","선택","정답","정답여부","해설","세션ID","모드","결과","종료이유","실제수학단계","응답ms","복습","힌트","인스턴스ID"
"2026-10-09T03:42:43.884Z","0","1","1","0","3","number","g3-div","24 ÷ 6 = ?","144","4","오답","6 × 4 = 24이므로 몫은 4입니다.","11ee3b62-ef4f-4de6-ab2a-1f20b352aea3","explore","complete","목표 문항 완료","2","283","false","false","e30d14a2-01fc-4a6b-9dbb-9bd9bb45ae90"
"2026-10-09T03:42:43.884Z","0","1","1","0","3","number","g3-div","21 ÷ 7 = ?","147","3","오답","7 × 3 = 21이므로 몫은 3입니다.","11ee3b62-ef4f-4de6-ab2a-1f20b352aea3","explore","complete","목표 문항 완료","2","50","false","false","441d25bc-7bac-4c45-b6fa-9ef3d92d7b8b"
"2026-10-09T03:42:43.884Z","0","1","1","0","3","number","g3-div","30 ÷ 6 = ?","6","5","오답","6 × 5 = 30이므로 몫은 5입니다.","11ee3b62-ef4f-4de6-ab2a-1f20b352aea3","explore","complete","목표 문항 완료","2","50","true","false","7c7aef94-6b14-4b88-8bdd-81787a11235f"
"2026-10-09T03:42:43.884Z","0","1","1","0","3","number","g3-div","24 ÷ 4 = ?","20","6","오답","4 × 6 = 24이므로 몫은 6입니다.","11ee3b62-ef4f-4de6-ab2a-1f20b352aea3","explore","complete","목표 문항 완료","2","33","false","false","a14b19e1-39ff-4281-832b-d9ff49541a85"
"2026-10-09T03:42:43.884Z","0","1","1","0","3","number","g3-div","42 ÷ 7 = ?","7","6","오답","7 × 6 = 42이므로 몫은 6입니다.","11ee3b62-ef4f-4de6-ab2a-1f20b352aea3","explore","complete","목표 문항 완료","2","50","false","false","50b990ac-d8c2-4c8a-98f4-bd5b174601e0"
"2026-10-09T03:42:43.884Z","0","1","1","0","3","number","g3-div","25 ÷ 5 = ?","20","5","오답","5 × 5 = 25이므로 몫은 5입니다.","11ee3b62-ef4f-4de6-ab2a-1f20b352aea3","explore","complete","목표 문항 완료","2","50","true","false","690adf57-a23b-4280-b76e-d9bc42a92897"
"2026-10-09T03:42:43.884Z","0","1","1","0","3","number","g3-div","45 ÷ 5 = ?","225","9","오답","5 × 9 = 45이므로 몫은 9입니다.","11ee3b62-ef4f-4de6-ab2a-1f20b352aea3","explore","complete","목표 문항 완료","2","33","false","false","a338ab52-a326-4701-877a-eec81d09fbe3"
"2026-10-09T03:42:43.884Z","0","1","1","0","3","number","g3-div","35 ÷ 5 = ?","30","7","오답","5 × 7 = 35이므로 몫은 7입니다.","11ee3b62-ef4f-4de6-ab2a-1f20b352aea3","explore","complete","목표 문항 완료","1","33","false","false","9bd00443-41ae-477c-b04a-dd2c9b12ad0c"
"2026-10-09T03:42:43.884Z","0","1","1","0","3","number","g3-div","16 ÷ 4 = ?","5","4","오답","4 × 4 = 16이므로 몫은 4입니다.","11ee3b62-ef4f-4de6-ab2a-1f20b352aea3","explore","complete","목표 문항 완료","2","33","true","false","508585a2-7acd-4f15-82c5-465a07cd2b95"
"2026-10-09T03:42:43.884Z","0","1","1","0","3","number","g3-div","35 ÷ 5 = ?","175","7","오답","5 × 7 = 35이므로 몫은 7입니다.","11ee3b62-ef4f-4de6-ab2a-1f20b352aea3","explore","complete","목표 문항 완료","1","33","false","false","05b4af96-21e9-45c1-bb12-b249e6d5fb07"
"2026-10-09T03:42:43.884Z","0","1","1","0","3","number","g3-div","8 ÷ 4 = ?","32","2","오답","4 × 2 = 8이므로 몫은 2입니다.","11ee3b62-ef4f-4de6-ab2a-1f20b352aea3","explore","complete","목표 문항 완료","1","33","false","false","08b3d9b0-3040-4e61-befe-fbcfe715013c"
"2026-10-09T03:42:43.884Z","0","1","1","0","3","number","g3-div","8 ÷ 4 = ?","3","2","오답","4 × 2 = 8이므로 몫은 2입니다.","11ee3b62-ef4f-4de6-ab2a-1f20b352aea3","explore","complete","목표 문항 완료","2","33","true","false","a7813d8c-1a54-4919-9801-8ee55f91df5b"
"2026-10-09T03:42:43.884Z","0","1","1","0","3","number","g3-div","21 ÷ 3 = ?","18","7","오답","3 × 7 = 21이므로 몫은 7입니다.","11ee3b62-ef4f-4de6-ab2a-1f20b352aea3","explore","complete","목표 문항 완료","1","33","false","false","04ed8ae8-5b1f-41b2-89f5-99a0f1c88459"
"2026-10-09T03:42:43.884Z","0","1","1","0","3","number","g3-div","6 ÷ 2 = ?","4","3","오답","2 × 3 = 6이므로 몫은 3입니다.","11ee3b62-ef4f-4de6-ab2a-1f20b352aea3","explore","complete","목표 문항 완료","1","33","false","false","a010ab59-810e-42fd-8562-764be4759d21"
"2026-10-09T03:42:43.884Z","0","1","1","0","3","number","g3-div","28 ÷ 7 = ?","5","4","오답","7 × 4 = 28이므로 몫은 4입니다.","11ee3b62-ef4f-4de6-ab2a-1f20b352aea3","explore","complete","목표 문항 완료","2","33","true","false","23c8e5dd-6c96-4156-a03e-ddaee363d6eb"
"2026-10-09T03:42:43.884Z","0","1","1","0","3","number","g3-div","6 ÷ 3 = ?","3","2","오답","3 × 2 = 6이므로 몫은 2입니다.","11ee3b62-ef4f-4de6-ab2a-1f20b352aea3","explore","complete","목표 문항 완료","1","33","false","false","e5b83dfb-86d6-4a45-88cf-74e2c3a1fb00"
"2026-10-09T03:42:43.884Z","0","1","1","0","3","number","g3-div","14 ÷ 2 = ?","12","7","오답","2 × 7 = 14이므로 몫은 7입니다.","11ee3b62-ef4f-4de6-ab2a-1f20b352aea3","explore","complete","목표 문항 완료","1","50","false","false","e03a46a3-3b57-4e25-bb8b-dcb69967e8c5"
"2026-10-09T03:42:43.884Z","0","1","1","0","3","number","g3-div","4 ÷ 2 = ?","3","2","오답","2 × 2 = 4이므로 몫은 2입니다.","11ee3b62-ef4f-4de6-ab2a-1f20b352aea3","explore","complete","목표 문항 완료","1","33","true","false","624ec74f-7cfa-4a1c-92ac-3521c68769ad"
"2026-10-09T03:42:43.884Z","0","1","1","0","3","number","g3-div","14 ÷ 2 = ?","12","7","오답","2 × 7 = 14이므로 몫은 7입니다.","11ee3b62-ef4f-4de6-ab2a-1f20b352aea3","explore","complete","목표 문항 완료","1","33","false","false","a07cf569-ab42-489e-99f6-4fa87e6ec33e"
"2026-10-09T03:42:43.884Z","0","1","1","0","3","number","g3-div","6 ÷ 3 = ?","18","2","오답","3 × 2 = 6이므로 몫은 2입니다.","11ee3b62-ef4f-4de6-ab2a-1f20b352aea3","explore","complete","목표 문항 완료","1","33","false","false","20c0e6bf-c265-487b-8a3a-19029481a07d"